"행정구역","2017년_계_총인구수","2017년_계_연령구간인구수","2017년_계_0~9세","2017년_계_10~19세","2017년_계_20~29세","2017년_계_30~39세","2017년_계_40~49세","2017년_계_50~59세","2017년_계_60~69세","2017년_계_70~79세","2017년_계_80~89세","2017년_계_90~99세","2017년_계_100세 이상","2017년_남_총인구수","2017년_남_연령구간인구수","2017년_남_0~9세","2017년_남_10~19세","2017년_남_20~29세","2017년_남_30~39세","2017년_남_40~49세","2017년_남_50~59세","2017년_남_60~69세","2017년_남_70~79세","2017년_남_80~89세","2017년_남_90~99세","2017년_남_100세 이상","2017년_여_총인구수","2017년_여_연령구간인구수","2017년_여_0~9세","2017년_여_10~19세","2017년_여_20~29세","2017년_여_30~39세","2017년_여_40~49세","2017년_여_50~59세","2017년_여_60~69세","2017년_여_70~79세","2017년_여_80~89세","2017년_여_90~99세","2017년_여_100세 이상"
"전국  (1000000000)","7,725,203","7,725,203","2,753","33,091","980,372","1,288,537","1,290,596","1,492,111","1,203,904","881,597","472,599","66,856","12,787","4,005,735","4,005,735","1,378","16,349","533,538","831,188","835,600","873,160","550,119","257,763","90,756","12,918","2,966","3,719,468","3,719,468","1,375","16,742","446,834","457,349","454,996","618,951","653,785","623,834","381,843","53,938","9,821"
"서울특별시  (1100000000)","1,608,998","1,608,998","558","7,723","290,274","345,837","265,335","255,856","215,692","148,239","64,671","10,765","4,048","802,614","802,614","276","3,307","133,308","197,540","158,599","149,090","95,465","46,976","14,412","2,701","940","806,384","806,384","282","4,416","156,966","148,297","106,736","106,766","120,227","101,263","50,259","8,064","3,108"
"부산광역시  (2600000000)","513,523","513,523","130","1,844","61,336","70,153","75,801","99,593","100,309","69,093","30,291","3,734","1,239","247,034","247,034","75","811","30,750","43,178","46,728","55,752","42,769","19,852","6,065","800","254","266,489","266,489","55","1,033","30,586","26,975","29,073","43,841","57,540","49,241","24,226","2,934","985"
"대구광역시  (2700000000)","327,800","327,800","138","1,030","35,364","47,343","53,887","67,558","58,970","40,761","20,001","2,302","446","160,147","160,147","58","506","18,808","30,175","34,028","37,181","24,212","10,848","3,801","428","102","167,653","167,653","80","524","16,556","17,168","19,859","30,377","34,758","29,913","16,200","1,874","344"
"인천광역시  (2800000000)","386,809","386,809","153","1,119","41,885","65,981","72,882","83,284","60,074","38,879","19,142","2,879","531","210,960","210,960","82","509","24,087","43,896","48,187","49,556","28,244","11,888","3,813","567","131","175,849","175,849","71","610","17,798","22,085","24,695","33,728","31,830","26,991","15,329","2,312","400"
"광주광역시  (2900000000)","201,069","201,069","85","905","26,417","37,444","35,141","37,769","29,545","21,802","10,389","1,335","237","104,568","104,568","45","449","14,000","24,380","23,425","21,017","12,751","6,224","2,014","234","29","96,501","96,501","40","456","12,417","13,064","11,716","16,752","16,794","15,578","8,375","1,101","208"
"대전광역시  (3000000000)","212,004","212,004","66","1,188","38,167","38,621","34,478","38,118","30,452","19,588","9,822","1,310","194","110,775","110,775","34","539","20,314","24,698","21,978","21,276","13,473","6,014","2,117","278","54","101,229","101,229","32","649","17,853","13,923","12,500","16,842","16,979","13,574","7,705","1,032","140"
"울산광역시  (3100000000)","139,775","139,775","52","240","16,206","25,401","26,509","29,838","22,851","12,654","5,299","624","101","80,821","80,821","33","126","11,018","18,791","18,042","17,312","10,479","3,934","973","90","23","58,954","58,954","19","114","5,188","6,610","8,467","12,526","12,372","8,720","4,326","534","78"
"세종특별자치시  (3600000000)","35,209","35,209","12","105","6,230","8,101","6,279","5,894","4,168","2,601","1,574","221","24","18,877","18,877","3","54","3,201","5,136","3,902","3,409","2,020","781","319","46","6","16,332","16,332","9","51","3,029","2,965","2,377","2,485","2,148","1,820","1,255","175","18"
"경기도  (4100000000)","1,673,349","1,673,349","713","6,052","207,778","313,474","316,978","337,978","241,082","158,552","77,037","11,298","2,407","931,724","931,724","351","3,069","122,932","212,397","208,385","202,187","112,524","50,071","16,710","2,480","618","741,625","741,625","362","2,983","84,846","101,077","108,593","135,791","128,558","108,481","60,327","8,818","1,789"
"강원도  (4200000000)","286,315","286,315","77","2,299","36,745","31,529","41,897","61,035","49,049","39,179","20,677","3,322","506","149,362","149,362","34","1,263","24,544","20,512","27,415","35,421","23,369","11,873","4,118","658","155","136,953","136,953","43","1,036","12,201","11,017","14,482","25,614","25,680","27,306","16,559","2,664","351"
"충청북도  (4300000000)","266,072","266,072","109","1,744","32,993","37,513","41,854","54,865","41,804","32,694","19,654","2,524","318","139,609","139,609","52","829","19,773","25,410","27,526","31,983","19,856","9,643","3,928","512","97","126,463","126,463","57","915","13,220","12,103","14,328","22,882","21,948","23,051","15,726","2,012","221"
"충청남도  (4400000000)","360,418","360,418","121","1,834","43,443","55,320","56,305","70,165","54,793","44,063","29,823","4,024","527","193,829","193,829","65","913","25,835","39,740","38,808","42,247","26,457","12,942","5,927","766","129","166,589","166,589","56","921","17,608","15,580","17,497","27,918","28,336","31,121","23,896","3,258","398"
"전라북도  (4500000000)","302,551","302,551","91","1,681","25,571","34,851","45,095","60,238","52,557","46,933","30,865","4,169","500","149,026","149,026","49","977","14,535","23,433","30,916","35,659","24,813","12,531","5,319","692","102","153,525","153,525","42","704","11,036","11,418","14,179","24,579","27,744","34,402","25,546","3,477","398"
"전라남도  (4600000000)","349,575","349,575","98","1,624","24,381","36,011","50,036","70,680","58,334","61,363","40,803","5,705","540","169,763","169,763","50","854","14,555","24,746","35,345","43,830","28,488","15,012","6,027","781","75","179,812","179,812","48","770","9,826","11,265","14,691","26,850","29,846","46,351","34,776","4,924","465"
"경상북도  (4700000000)","464,248","464,248","133","2,061","43,643","57,344","66,471","92,837","81,553","68,537","44,883","6,239","547","229,842","229,842","70","1,310","25,787","39,525","44,468","53,827","37,724","18,311","7,696","992","132","234,406","234,406","63","751","17,856","17,819","22,003","39,010","43,829","50,226","37,187","5,247","415"
"경상남도  (4800000000)","488,224","488,224","191","1,364","40,215","67,458","78,826","101,392","86,597","66,144","40,607","4,969","461","248,704","248,704","89","713","24,703","47,406","53,097","58,275","39,710","17,480","6,366","768","97","239,520","239,520","102","651","15,512","20,052","25,729","43,117","46,887","48,664","34,241","4,201","364"
"제주특별자치도  (5000000000)","109,264","109,264","26","278","9,724","16,156","22,822","25,011","16,074","10,515","7,061","1,436","161","58,080","58,080","12","120","5,388","10,225","14,751","15,138","7,765","3,383","1,151","125","22","51,184","51,184","14","158","4,336","5,931","8,071","9,873","8,309","7,132","5,910","1,311","139"
